4477;01-01-2008;09 19 20 31 45 48
4478;03-01-2008;01 07 10 21 35 46
4479;05-01-2008;02 03 19 25 39 45
4480;08-01-2008;04 05 19 24 29 44
4481;10-01-2008;09 15 17 31 42 47
4482;12-01-2008;07 16 21 22 26 45
4483;15-01-2008;03 08 37 38 41 42
4484;17-01-2008;10 20 30 35 36 47
4485;19-01-2008;05 07 10 14 25 42
4486;22-01-2008;22 23 30 37 41 46
4487;24-01-2008;20 27 31 33 39 44
4488;26-01-2008;20 27 31 32 40 46
4489;29-01-2008;04 23 27 31 37 38
4490;31-01-2008;04 07 13 16 33 39
4491;02-02-2008;06 16 22 30 39 47
4492;05-02-2008;01 25 32 37 47 49
4493;07-02-2008;03 19 21 24 32 34
4494;09-02-2008;07 08 30 38 43 46
4495;12-02-2008;08 11 24 25 28 29
4496;14-02-2008;10 15 35 44 45 46
4497;16-02-2008;01 02 08 15 27 39
4498;19-02-2008;07 09 24 35 47 48
4499;21-02-2008;02 15 19 34 35 44
4500;23-02-2008;08 12 17 18 28 39
4501;26-02-2008;01 04 10 29 37 42
4502;28-02-2008;03 13 21 22 29 35
4503;01-03-2008;22 27 28 30 35 41
4504;04-03-2008;01 10 12 24 45 46
4505;06-03-2008;01 07 13 15 29 44
4506;08-03-2008;02 03 06 18 27 35
4507;11-03-2008;01 03 11 13 32 49
4508;13-03-2008;15 16 20 38 40 46
4509;15-03-2008;08 18 23 37 44 47
4510;18-03-2008;02 13 14 34 35 41
4511;20-03-2008;11 13 21 32 37 42
4512;22-03-2008;01 19 23 24 34 43
4513;25-03-2008;04 18 26 32 41 43
4514;27-03-2008;05 13 20 21 28 46
4515;29-03-2008;03 25 29 31 36 39
4516;01-04-2008;02 09 22 25 28 38
4517;03-04-2008;24 27 34 39 45 46
4518;05-04-2008;07 25 31 34 44 47
4519;08-04-2008;05 10 35 41 43 47
4520;10-04-2008;02 05 13 15 37 38
4521;12-04-2008;11 14 19 30 32 42
4522;15-04-2008;17 27 32 36 41 45
4523;17-04-2008;09 10 11 29 40 42
4524;19-04-2008;03 20 32 38 40 41
4525;22-04-2008;15 16 39 41 42 43
4526;24-04-2008;01 07 11 13 24 35
4527;26-04-2008;06 18 29 31 35 42
4528;29-04-2008;12 14 18 22 43 44
4529;01-05-2008;05 06 10 25 29 32
4530;03-05-2008;01 06 12 30 34 44
4531;06-05-2008;14 18 30 34 39 43
4532;08-05-2008;04 09 16 25 32 45
4533;10-05-2008;03 18 25 30 32 39
4534;13-05-2008;03 06 23 31 32 37
4535;15-05-2008;01 04 06 19 21 44
4536;17-05-2008;11 19 22 35 37 40
4537;20-05-2008;19 21 25 26 43 44
4538;22-05-2008;05 06 30 33 44 45
4539;24-05-2008;06 23 29 34 35 36
4540;27-05-2008;08 18 27 35 38 46
4541;29-05-2008;05 07 09 16 17 20
4542;31-05-2008;05 11 12 23 42 46
4543;03-06-2008;01 02 13 26 40 43
4544;05-06-2008;06 11 23 39 42 48
4545;07-06-2008;19 20 30 31 46 47
4546;10-06-2008;08 09 16 22 32 37
4547;12-06-2008;11 12 29 30 32 37
4548;14-06-2008;05 17 20 21 39 44
4549;17-06-2008;04 19 24 33 41 42
4550;19-06-2008;08 11 13 23 35 45
4551;21-06-2008;12 14 18 35 39 42
4552;24-06-2008;19 20 25 28 33 49
4553;26-06-2008;02 18 35 40 42 47
4554;28-06-2008;15 18 21 36 39 45
4555;01-07-2008;05 10 24 29 37 40
4556;03-07-2008;01 04 11 18 36 48
4557;05-07-2008;08 18 20 29 30 42
4558;08-07-2008;09 13 16 34 36 46
4559;10-07-2008;11 13 16 20 35 39
4560;12-07-2008;01 05 07 09 13 22
4561;15-07-2008;04 13 20 22 35 40
4562;17-07-2008;02 07 23 30 31 47
4563;19-07-2008;02 11 21 38 39 41
4564;22-07-2008;17 21 22 41 43 49
4565;24-07-2008;02 04 10 35 42 44
4566;26-07-2008;01 11 16 18 31 44
4567;29-07-2008;02 06 15 25 29 30
4568;31-07-2008;04 05 10 14 35 37
4569;02-08-2008;10 12 24 33 41 44
4570;05-08-2008;01 10 16 31 32 44
4571;07-08-2008;05 15 17 24 41 46
4572;09-08-2008;17 22 23 25 40 45
4573;12-08-2008;04 08 10 20 39 46
4574;14-08-2008;11 26 27 32 47 48
4575;16-08-2008;05 18 21 31 32 34
4576;19-08-2008;02 08 11 21 35 39
4577;21-08-2008;22 35 42 43 46 49
4578;23-08-2008;09 20 25 29 30 39
4579;26-08-2008;05 08 31 32 41 47
4580;28-08-2008;10 19 26 31 42 45
4581;30-08-2008;01 04 11 18 45 46
4582;02-09-2008;24 26 33 36 37 46
4583;04-09-2008;09 16 30 40 45 48
4584;06-09-2008;09 14 24 31 38 48
4585;09-09-2008;14 17 22 24 33 46
4586;11-09-2008;04 06 18 24 32 35
4587;13-09-2008;04 13 17 28 30 40
4588;16-09-2008;01 04 08 28 36 40
4589;18-09-2008;01 13 16 17 22 37
4590;20-09-2008;05 15 25 27 45 47
4591;23-09-2008;07 15 16 24 48 49
4592;25-09-2008;06 16 19 33 37 49
4593;27-09-2008;06 07 09 21 29 46
4594;30-09-2008;05 07 15 21 28 47
4595;02-10-2008;04 06 14 23 48 49
4596;04-10-2008;18 19 22 34 37 38
4597;07-10-2008;09 13 14 34 46 47
4598;09-10-2008;08 15 17 24 36 39
4599;11-10-2008;08 29 38 42 45 47
4600;14-10-2008;04 17 24 40 42 44
4601;16-10-2008;07 17 20 22 23 41
4602;18-10-2008;03 06 18 19 28 33
4603;21-10-2008;05 06 26 30 34 45
4604;23-10-2008;08 22 24 33 35 40
4605;25-10-2008;10 22 24 34 40 46
4606;28-10-2008;04 06 19 37 41 42
4607;30-10-2008;02 22 31 36 44 46
4608;01-11-2008;02 03 06 11 16 36
4609;04-11-2008;03 05 06 19 32 47
4610;06-11-2008;08 13 18 21 24 47
4611;08-11-2008;03 14 24 33 39 43
4612;11-11-2008;13 15 25 27 35 37
4613;13-11-2008;06 24 25 26 32 42
4614;15-11-2008;05 09 15 17 20 32
4615;18-11-2008;10 17 22 36 44 49
4616;20-11-2008;03 04 09 20 22 43
4617;22-11-2008;17 20 23 32 34 48
4618;25-11-2008;04 09 22 24 40 45
4619;27-11-2008;05 15 30 37 40 46
4620;29-11-2008;03 21 26 36 39 45
4621;02-12-2008;09 14 32 36 44 47
4622;04-12-2008;01 16 24 27 48 49
4623;06-12-2008;11 16 18 19 26 28
4624;09-12-2008;11 22 24 27 40 42
4625;11-12-2008;05 10 32 36 47 49
4626;13-12-2008;03 07 38 40 43 46
4627;16-12-2008;17 21 23 30 44 48
4628;18-12-2008;09 16 18 19 39 40
4629;20-12-2008;08 12 24 25 40 48
4630;23-12-2008;08 09 17 21 31 32
4631;25-12-2008;02 10 17 33 39 46
4632;27-12-2008;03 07 38 40 45 47
4633;30-12-2008;08 11 13 17 23 40
4634;01-01-2009;03 13 16 31 46 49
4635;03-01-2009;03 15 17 25 27 33
4636;06-01-2009;12 20 36 38 39 45
4637;08-01-2009;08 17 31 38 42 46
4638;10-01-2009;31 35 39 40 43 45
4639;13-01-2009;02 03 09 14 30 34
4640;15-01-2009;10 11 15 24 28 37
4641;17-01-2009;01 08 22 33 35 45
4642;20-01-2009;01 07 12 17 20 38
4643;22-01-2009;06 09 10 18 42 49
4644;24-01-2009;20 21 24 37 42 49
4645;27-01-2009;13 14 27 33 36 46
4646;29-01-2009;09 15 29 42 45 47
4647;31-01-2009;05 14 15 24 41 48
4648;03-02-2009;03 18 21 23 30 41
4649;05-02-2009;04 05 11 17 18 40
4650;07-02-2009;03 07 16 27 34 42
4651;10-02-2009;21 24 35 36 37 49
4652;12-02-2009;06 08 18 19 28 45
4653;14-02-2009;03 13 14 18 31 37
4654;17-02-2009;12 26 39 40 44 49
4655;19-02-2009;19 22 25 33 41 42
4656;21-02-2009;01 07 12 24 25 43
4657;24-02-2009;32 36 38 45 47 49
4658;26-02-2009;12 14 35 42 48 49
4659;28-02-2009;10 29 37 43 44 46
4660;03-03-2009;08 10 18 25 33 35
4661;05-03-2009;13 23 32 41 45 47
4662;07-03-2009;17 20 22 29 38 42
4663;10-03-2009;02 03 20 21 40 45
4664;12-03-2009;11 12 17 36 42 45
4665;14-03-2009;06 20 27 33 41 48
4666;17-03-2009;06 07 17 29 33 35
4667;19-03-2009;01 17 20 24 25 44
4668;21-03-2009;13 27 29 32 42 43
4669;24-03-2009;02 04 07 35 37 41
4670;26-03-2009;08 18 21 32 48 49
4671;28-03-2009;14 24 31 45 46 48
4672;31-03-2009;13 15 20 37 40 43
4673;02-04-2009;01 06 11 20 44 46
4674;04-04-2009;07 10 22 26 32 38
4675;07-04-2009;18 20 22 27 45 49
4676;09-04-2009;18 19 24 39 44 48
4677;11-04-2009;09 16 23 30 37 39
4678;14-04-2009;05 11 22 34 41 45
4679;16-04-2009;05 06 17 19 20 33
4680;18-04-2009;09 19 24 32 33 41
4681;21-04-2009;01 06 08 09 11 23
4682;23-04-2009;21 30 40 46 48 49
4683;25-04-2009;25 26 30 33 44 46
4684;28-04-2009;02 17 18 40 43 45
4685;30-04-2009;03 13 22 24 25 49
4686;02-05-2009;03 12 13 20 28 31
4687;05-05-2009;06 32 40 45 46 49
4688;07-05-2009;04 05 11 17 32 37
4689;09-05-2009;01 06 13 34 37 40
4690;12-05-2009;06 23 24 28 36 38
4691;14-05-2009;01 03 06 22 24 48
4692;16-05-2009;04 11 30 36 39 42
4693;19-05-2009;01 07 19 31 32 40
4694;21-05-2009;12 17 23 27 28 42
4695;23-05-2009;09 16 26 33 38 47
4696;26-05-2009;06 09 10 13 35 37
4697;28-05-2009;01 07 10 18 24 49
4698;30-05-2009;04 09 29 32 37 46
4699;02-06-2009;08 24 31 32 34 44
4700;04-06-2009;17 18 26 32 40 42
4701;06-06-2009;14 17 21 26 44 48
4702;09-06-2009;10 23 31 32 41 47
4703;11-06-2009;21 23 31 35 39 41
4704;13-06-2009;03 07 21 33 36 45
4705;16-06-2009;03 14 28 35 40 41
4706;18-06-2009;02 15 17 37 39 48
4707;20-06-2009;02 15 28 33 38 42
4708;23-06-2009;02 05 21 30 38 39
4709;25-06-2009;07 10 24 25 29 30
4710;27-06-2009;16 20 23 24 36 46
4711;30-06-2009;17 22 25 31 33 42
4712;02-07-2009;04 11 30 32 33 44
4713;04-07-2009;13 30 32 33 35 43
4714;07-07-2009;03 06 09 12 25 26
4715;09-07-2009;11 12 29 38 44 49
4716;11-07-2009;12 13 31 36 37 42
4717;14-07-2009;13 25 29 33 36 49
4718;16-07-2009;03 07 16 18 28 47
4719;18-07-2009;06 07 22 23 38 46
4720;21-07-2009;13 20 21 28 30 36
4721;23-07-2009;09 16 18 40 42 43
4722;25-07-2009;01 08 39 44 45 46
4723;28-07-2009;07 08 27 28 31 41
4724;30-07-2009;08 16 25 26 29 43
4725;01-08-2009;05 09 10 20 29 39
4726;04-08-2009;09 15 18 31 42 44
4727;06-08-2009;02 07 19 20 35 36
4728;08-08-2009;03 04 09 13 17 24
4729;11-08-2009;06 07 14 25 39 42
4730;13-08-2009;10 23 24 26 44 45
4731;15-08-2009;01 07 29 35 38 45
4732;18-08-2009;07 14 17 26 31 41
4733;20-08-2009;03 05 18 19 33 47
4734;22-08-2009;06 13 19 40 41 43
4735;25-08-2009;03 07 21 34 41 45
4736;27-08-2009;05 13 25 37 40 42
4737;29-08-2009;07 10 18 24 25 46
4738;01-09-2009;08 20 34 43 45 48
4739;03-09-2009;02 15 21 22 24 25
4740;05-09-2009;14 15 17 33 44 45
4741;08-09-2009;04 07 19 26 35 48
4742;10-09-2009;09 11 14 18 21 39
4743;12-09-2009;09 11 32 39 40 44
4744;15-09-2009;13 14 21 27 30 34
4745;17-09-2009;13 25 37 45 47 48
4746;19-09-2009;19 22 25 26 34 43
4747;22-09-2009;13 15 29 37 41 47
4748;24-09-2009;10 14 16 17 37 48
4749;26-09-2009;18 26 35 42 43 46
4750;29-09-2009;06 14 28 44 45 48
4751;01-10-2009;04 16 19 27 28 30
4752;03-10-2009;01 10 19 20 24 48
4753;06-10-2009;12 20 21 34 36 38
4754;08-10-2009;08 12 17 25 29 40
4755;10-10-2009;03 06 12 13 16 47
4756;13-10-2009;04 18 23 27 33 34
4757;15-10-2009;09 13 24 25 30 35
4758;17-10-2009;04 06 30 33 36 39
4759;20-10-2009;04 07 20 45 47 48
4760;22-10-2009;10 19 34 36 38 48
4761;24-10-2009;06 11 15 19 29 39
4762;27-10-2009;06 12 16 18 19 48
4763;29-10-2009;06 23 24 25 31 44
4764;31-10-2009;09 16 27 30 31 42
4765;03-11-2009;12 14 17 21 25 36
4766;05-11-2009;05 06 20 32 34 42
4767;07-11-2009;01 02 03 05 07 17
4768;10-11-2009;14 18 21 24 33 41
4769;12-11-2009;21 24 35 41 48 49
4770;14-11-2009;08 12 23 26 33 45
4771;17-11-2009;05 21 24 28 35 37
4772;19-11-2009;04 07 11 14 30 46
4773;21-11-2009;18 24 28 37 39 41
4774;24-11-2009;06 13 21 30 37 39
4775;26-11-2009;12 15 17 33 41 42
4776;28-11-2009;09 20 22 28 30 41
4777;01-12-2009;02 06 14 29 31 48
4778;03-12-2009;11 25 28 32 38 43
4779;05-12-2009;08 09 13 24 37 40
4780;08-12-2009;08 13 20 25 38 49
4781;10-12-2009;11 12 13 18 28 34
4782;12-12-2009;03 15 30 32 36 41
4783;15-12-2009;06 10 19 22 28 30
4784;17-12-2009;07 10 25 32 47 49
4785;19-12-2009;02 07 16 25 28 42
4786;22-12-2009;19 30 33 34 38 45
4787;24-12-2009;04 08 16 20 35 44
4788;26-12-2009;08 10 33 38 40 47
4789;29-12-2009;08 16 19 30 31 47
4790;31-12-2009;09 10 16 21 24 26
4791;02-01-2010;07 15 19 24 39 47
4792;05-01-2010;12 14 29 33 38 42
4793;07-01-2010;05 08 12 18 39 47
4794;09-01-2010;02 03 16 25 38 40
4795;12-01-2010;12 14 23 41 44 45
4796;14-01-2010;19 24 27 34 37 46
4797;16-01-2010;05 07 18 36 46 48
4798;19-01-2010;16 21 31 37 39 42
4799;21-01-2010;11 17 20 30 42 47
4800;23-01-2010;05 11 17 20 23 36
4801;26-01-2010;06 23 25 26 33 35
4802;28-01-2010;07 13 15 25 42 46
4803;30-01-2010;04 08 16 33 36 38
4804;02-02-2010;04 20 21 26 28 33
4805;04-02-2010;04 06 12 44 46 47
4806;06-02-2010;04 15 16 24 36 45
4807;09-02-2010;12 13 14 19 36 38
4808;11-02-2010;03 11 18 22 38 41
4809;13-02-2010;10 22 24 28 43 47
4810;16-02-2010;09 14 15 16 29 39
4811;18-02-2010;07 13 16 18 22 48
4812;20-02-2010;03 05 10 22 32 41
4813;23-02-2010;05 12 28 36 48 49
4814;25-02-2010;03 11 25 34 37 46
4815;27-02-2010;06 15 28 31 33 45
4816;02-03-2010;07 12 18 27 42 43
4817;04-03-2010;05 06 20 28 32 49
4818;06-03-2010;06 36 37 41 43 48
4819;09-03-2010;07 12 16 18 23 42
4820;11-03-2010;04 22 35 42 43 49
4821;13-03-2010;12 18 20 28 34 41
4822;16-03-2010;04 14 18 19 27 48
4823;18-03-2010;01 04 25 26 33 40
4824;20-03-2010;04 28 29 32 42 48
4825;23-03-2010;04 05 34 38 39 43
4826;25-03-2010;03 04 05 09 27 44
4827;27-03-2010;07 12 28 35 39 43
4828;30-03-2010;10 15 27 32 39 46
4829;01-04-2010;11 14 17 22 40 42
4830;03-04-2010;16 17 31 36 37 42
4831;06-04-2010;06 09 12 23 30 44
4832;08-04-2010;03 20 22 25 26 37
4833;10-04-2010;11 13 14 15 22 39
4834;13-04-2010;07 12 13 24 31 43
4835;15-04-2010;01 02 16 18 24 47
4836;17-04-2010;01 21 30 40 41 46
4837;20-04-2010;21 28 31 38 43 46
4838;22-04-2010;03 17 24 35 43 49
4839;24-04-2010;17 34 36 37 40 43
4840;27-04-2010;02 07 11 14 26 38
4841;29-04-2010;04 07 19 20 34 46
4842;01-05-2010;01 12 28 38 43 45
4843;04-05-2010;11 15 30 31 34 48
4844;06-05-2010;07 10 11 32 33 34
4845;08-05-2010;01 03 04 06 11 32
4846;11-05-2010;11 13 22 32 35 37
4847;13-05-2010;04 11 17 29 31 41
4848;15-05-2010;02 06 10 17 30 47
4849;18-05-2010;06 17 27 34 42 44
4850;20-05-2010;12 25 29 35 39 41
4851;22-05-2010;01 05 13 20 22 39
4852;25-05-2010;03 09 34 39 42 46
4853;27-05-2010;01 09 21 29 33 39
4854;29-05-2010;01 02 23 41 46 49
4855;01-06-2010;01 14 25 28 34 41
4856;03-06-2010;17 20 29 43 44 45
4857;05-06-2010;04 07 11 20 39 42
4858;08-06-2010;01 18 22 30 37 38
4859;10-06-2010;04 09 11 14 16 29
4860;12-06-2010;01 06 10 13 35 38
4861;15-06-2010;14 16 29 36 38 44
4862;17-06-2010;07 12 32 46 48 49
4863;19-06-2010;03 13 18 25 34 42
4864;22-06-2010;05 22 27 35 39 44
4865;24-06-2010;19 20 27 28 29 42
4866;26-06-2010;02 07 13 16 32 47
4867;29-06-2010;09 20 23 29 35 41
4868;01-07-2010;01 06 16 27 38 45
4869;03-07-2010;06 15 23 24 26 45
4870;06-07-2010;01 05 15 32 34 36
4871;08-07-2010;11 18 30 32 37 44
4872;10-07-2010;09 15 16 24 26 37
4873;13-07-2010;10 14 25 27 42 44
4874;15-07-2010;08 17 20 26 38 41
4875;17-07-2010;23 32 35 37 47 48
4876;20-07-2010;07 18 23 26 42 44
4877;22-07-2010;09 15 21 33 40 43
4878;24-07-2010;13 16 17 20 27 30
4879;27-07-2010;01 06 27 34 40 46
4880;29-07-2010;02 04 22 30 31 32
4881;31-07-2010;11 12 13 16 20 32
4882;03-08-2010;04 12 25 30 39 40
4883;05-08-2010;08 16 17 24 30 44
4884;07-08-2010;14 15 18 28 29 49
4885;10-08-2010;03 09 10 13 27 30
4886;12-08-2010;07 10 16 18 28 31
4887;14-08-2010;09 23 31 32 41 48
4888;17-08-2010;13 17 22 23 24 32
4889;19-08-2010;15 19 28 31 32 46
4890;21-08-2010;16 22 30 36 37 41
4891;24-08-2010;04 09 13 31 42 45
4892;26-08-2010;21 28 36 42 43 45
4893;28-08-2010;02 07 16 31 32 42
4894;31-08-2010;02 23 30 33 48 49
4895;02-09-2010;05 07 30 33 36 47
4896;04-09-2010;02 14 15 22 39 49
4897;07-09-2010;13 16 18 20 31 34
4898;09-09-2010;07 08 10 17 29 32
4899;11-09-2010;06 08 19 28 30 42
4900;14-09-2010;18 23 37 39 43 49
4901;16-09-2010;11 13 16 22 38 49
4902;18-09-2010;05 13 14 16 17 43
4903;21-09-2010;03 14 16 30 32 39
4904;23-09-2010;20 22 30 31 34 35
4905;25-09-2010;24 26 28 33 35 47
4906;28-09-2010;15 24 27 31 36 44
4907;30-09-2010;06 09 16 17 26 48
4908;02-10-2010;01 04 07 13 41 43
4909;05-10-2010;07 14 16 36 38 44
4910;07-10-2010;03 11 13 14 17 37
4911;09-10-2010;08 18 22 23 29 35
4912;12-10-2010;08 16 32 33 47 48
4913;14-10-2010;02 06 10 26 28 47
4914;16-10-2010;14 25 26 38 42 43
4915;19-10-2010;12 21 25 33 38 48
4916;21-10-2010;12 22 27 31 36 40
4917;23-10-2010;08 13 14 33 34 39
4918;26-10-2010;08 21 24 27 38 44
4919;28-10-2010;07 18 21 24 28 41
4920;30-10-2010;05 09 18 23 35 42
4921;02-11-2010;10 11 13 14 38 48
4922;04-11-2010;09 25 29 41 43 46
4923;06-11-2010;02 19 25 27 36 39
4924;09-11-2010;01 12 22 28 40 47
4925;11-11-2010;05 15 16 28 30 35
4926;13-11-2010;07 15 20 26 37 41
4927;16-11-2010;07 25 34 39 40 41
4928;18-11-2010;07 20 21 26 32 38
4929;20-11-2010;01 03 10 16 33 39
4930;23-11-2010;12 15 20 36 42 44
4931;25-11-2010;19 22 25 28 40 46
4932;27-11-2010;05 07 19 29 34 42
4933;30-11-2010;01 13 18 25 26 29
4934;02-12-2010;13 15 25 30 37 42
4935;04-12-2010;01 08 26 29 38 43
4936;07-12-2010;13 22 24 27 36 37
4937;09-12-2010;04 15 16 17 30 40
4938;11-12-2010;06 13 15 18 44 46
4939;14-12-2010;11 15 23 31 39 41
4940;16-12-2010;04 09 31 39 42 46
4941;18-12-2010;10 19 21 33 39 45
4942;21-12-2010;15 17 32 38 39 40
4943;23-12-2010;02 12 29 34 43 48
4944;25-12-2010;05 13 18 23 39 47
4945;28-12-2010;07 19 29 41 42 47
4946;30-12-2010;09 13 24 26 40 49
4947;01-01-2011;10 15 26 38 44 46
4948;04-01-2011;05 06 23 24 28 46
4949;06-01-2011;04 05 20 21 28 41
4950;08-01-2011;03 07 28 35 38 43
4951;11-01-2011;01 17 18 20 23 31
4952;13-01-2011;12 18 21 30 34 39
4953;15-01-2011;13 17 20 27 32 33
4954;18-01-2011;09 10 17 19 27 34
4955;20-01-2011;03 12 14 30 36 46
4956;22-01-2011;05 06 18 28 30 39
4957;25-01-2011;07 22 31 37 42 47
4958;27-01-2011;03 10 14 19 35 43
4959;29-01-2011;01 03 19 32 35 38
4960;01-02-2011;08 18 24 26 34 47
4961;03-02-2011;09 13 22 24 37 47
4962;05-02-2011;02 04 11 33 35 38
4963;08-02-2011;13 18 19 24 31 49
4964;10-02-2011;03 06 14 32 38 48
4965;12-02-2011;13 15 16 20 38 45
4966;15-02-2011;03 06 07 08 25 27
4967;17-02-2011;09 19 21 37 38 49
4968;19-02-2011;07 12 33 38 45 48
4969;22-02-2011;01 15 17 31 42 46
4970;24-02-2011;10 15 28 30 37 46
4971;26-02-2011;02 17 25 26 29 36
4972;01-03-2011;26 32 36 38 45 49
4973;03-03-2011;10 13 22 25 30 37
4974;05-03-2011;02 05 26 27 28 45
4975;08-03-2011;01 06 10 12 33 46
4976;10-03-2011;03 18 21 23 27 30
4977;12-03-2011;23 27 29 30 33 40
4978;15-03-2011;08 26 30 32 33 34
4979;17-03-2011;04 23 29 30 32 35
4980;19-03-2011;03 21 23 27 29 42
4981;22-03-2011;04 09 12 16 23 34
4982;24-03-2011;05 10 11 24 32 40
4983;26-03-2011;01 10 13 14 35 44
4984;29-03-2011;05 13 16 18 37 48
4985;31-03-2011;10 13 29 31 34 36
4986;02-04-2011;01 15 18 19 41 42
4987;05-04-2011;02 13 19 29 45 46
4988;07-04-2011;15 16 17 18 19 42
4989;09-04-2011;04 16 37 42 47 48
4990;12-04-2011;03 13 16 18 20 49
4991;14-04-2011;05 08 10 16 24 44
4992;16-04-2011;06 07 09 28 34 42
4993;19-04-2011;06 08 12 25 29 49
4994;21-04-2011;01 04 06 10 15 18
4995;23-04-2011;01 17 18 20 22 49
4996;26-04-2011;04 09 21 32 37 41
4997;28-04-2011;22 31 44 45 47 49
4998;30-04-2011;05 07 09 26 28 42
4999;03-05-2011;11 12 14 35 37 39
5000;05-05-2011;07 09 14 22 34 45
5001;07-05-2011;10 12 13 14 27 47
5002;10-05-2011;07 22 28 32 33 40
5003;12-05-2011;06 13 21 23 24 25
5004;14-05-2011;02 14 23 24 38 40
5005;17-05-2011;08 19 23 32 36 40
5006;19-05-2011;06 18 22 23 33 41
5007;21-05-2011;02 13 28 39 43 46
5008;24-05-2011;14 26 33 34 35 39
5009;26-05-2011;06 13 21 22 36 49
5010;28-05-2011;03 07 18 23 25 30
5011;31-05-2011;05 10 13 25 29 47
5012;02-06-2011;10 11 22 24 38 44
5013;04-06-2011;04 08 09 21 28 32
5014;07-06-2011;15 20 32 33 41 47
5015;09-06-2011;02 08 27 34 45 49
5016;11-06-2011;04 26 33 34 48 49
5017;14-06-2011;13 30 32 36 39 47
5018;16-06-2011;22 23 29 35 41 47
5019;18-06-2011;02 05 10 11 28 40
5020;21-06-2011;02 05 19 32 41 46
5021;23-06-2011;03 11 12 28 29 43
5022;25-06-2011;02 14 27 31 32 41
5023;28-06-2011;04 13 26 27 42 45
5024;30-06-2011;02 04 06 09 34 44
5025;02-07-2011;05 14 21 23 39 40
5026;05-07-2011;15 31 35 36 38 43
5027;07-07-2011;02 12 13 23 28 35
5028;09-07-2011;06 09 17 20 42 49
5029;12-07-2011;14 17 28 29 48 49
5030;14-07-2011;02 05 07 11 40 45
5031;16-07-2011;03 05 10 13 15 33
5032;19-07-2011;01 13 19 38 39 45
5033;21-07-2011;20 30 36 46 47 48
5034;23-07-2011;06 09 19 33 40 45
5035;26-07-2011;12 14 22 33 41 49
5036;28-07-2011;03 11 27 29 32 40
5037;30-07-2011;06 19 23 29 35 43
5038;02-08-2011;05 12 13 21 25 37
5039;04-08-2011;01 12 16 28 36 42
5040;06-08-2011;08 16 26 29 42 46
5041;09-08-2011;02 09 15 25 36 46
5042;11-08-2011;14 17 29 34 35 39
5043;13-08-2011;15 20 29 33 34 46
5044;16-08-2011;08 10 12 26 30 44
5045;18-08-2011;01 16 17 21 32 34
5046;20-08-2011;02 19 30 37 43 49
5047;23-08-2011;06 09 11 25 33 48
5048;25-08-2011;10 21 37 39 43 46
5049;27-08-2011;01 22 37 40 48 49
5050;30-08-2011;02 04 20 21 30 44
5051;01-09-2011;09 14 19 29 38 41
5052;03-09-2011;03 06 22 25 34 43
5053;06-09-2011;01 14 16 40 47 49
5054;08-09-2011;04 09 25 29 34 47
5055;10-09-2011;14 26 36 41 43 49
5056;13-09-2011;09 10 28 32 41 49
5057;15-09-2011;06 11 19 34 35 42
5058;17-09-2011;08 10 20 38 42 45
5059;20-09-2011;06 20 26 30 32 33
5060;22-09-2011;03 08 15 19 29 35
5061;24-09-2011;06 07 12 13 40 43
5062;27-09-2011;14 15 25 27 37 40
5063;29-09-2011;11 32 33 38 40 44
5064;01-10-2011;15 23 27 29 33 41
5065;04-10-2011;12 24 32 40 44 47
5066;06-10-2011;06 16 20 22 38 40
5067;08-10-2011;02 05 18 26 27 46
5068;11-10-2011;04 06 25 29 32 47
5069;13-10-2011;10 13 15 17 19 21
5070;15-10-2011;01 03 13 15 29 35
5071;18-10-2011;07 11 13 18 26 27
5072;20-10-2011;06 09 16 32 42 47
5073;22-10-2011;11 12 23 27 43 49
5074;25-10-2011;04 16 34 35 41 47
5075;27-10-2011;07 16 26 30 31 40
5076;29-10-2011;03 25 26 34 38 40
5077;01-11-2011;04 05 25 37 44 45
5078;03-11-2011;01 05 09 24 28 45
5079;05-11-2011;05 06 18 27 46 49
5080;08-11-2011;03 04 05 09 29 39
5081;10-11-2011;02 07 08 13 21 26
5082;12-11-2011;02 12 28 35 38 40
5083;15-11-2011;06 27 34 37 38 40
5084;17-11-2011;04 06 11 15 25 49
5085;19-11-2011;03 14 16 21 22 29
5086;22-11-2011;06 09 19 28 31 35
5087;24-11-2011;09 10 15 27 39 44
5088;26-11-2011;01 16 19 29 35 44
5089;29-11-2011;03 26 28 32 36 39
5090;01-12-2011;02 22 25 30 37 42
5091;03-12-2011;11 23 38 40 41 46
5092;06-12-2011;13 14 15 19 36 44
5093;08-12-2011;04 18 29 38 46 48
5094;10-12-2011;11 17 23 38 42 46
5095;13-12-2011;22 24 30 41 44 46
5096;15-12-2011;01 24 35 41 43 48
5097;17-12-2011;01 03 26 37 44 49
5098;20-12-2011;08 09 13 30 36 42
5099;22-12-2011;06 19 21 23 27 48
5100;24-12-2011;01 13 15 19 42 45
5101;27-12-2011;02 11 12 16 21 36
5102;29-12-2011;07 14 19 32 42 46
5103;31-12-2011;03 06 10 16 32 38
5104;03-01-2012;14 24 27 36 37 45
5105;05-01-2012;01 02 06 24 33 44
5106;07-01-2012;10 17 34 40 44 45
5107;10-01-2012;12 13 28 31 37 47
5108;12-01-2012;01 06 07 09 40 45
5109;14-01-2012;01 05 06 19 35 44
5110;17-01-2012;13 19 20 26 31 47
5111;19-01-2012;19 20 30 31 45 46
5112;21-01-2012;02 04 14 23 30 34
5113;24-01-2012;27 30 41 42 44 49
5114;26-01-2012;03 06 15 27 37 48
5115;28-01-2012;02 15 17 41 43 46
5116;31-01-2012;09 13 18 29 42 44
5117;02-02-2012;01 07 10 17 28 36
5118;04-02-2012;07 16 38 41 46 49
5119;07-02-2012;01 05 13 17 37 38
5120;09-02-2012;09 12 17 23 28 49
5121;11-02-2012;06 09 13 29 30 42
5122;14-02-2012;18 29 35 38 44 48
5123;16-02-2012;08 24 28 30 38 40
5124;18-02-2012;06 16 24 27 41 42
5125;21-02-2012;01 10 24 26 32 37
5126;23-02-2012;08 13 22 41 42 48
5127;25-02-2012;07 09 16 20 25 27
5128;28-02-2012;18 19 25 35 39 40
5129;01-03-2012;06 17 18 28 35 48
5130;03-03-2012;04 14 18 22 32 36
5131;06-03-2012;10 26 36 39 40 45
5132;08-03-2012;03 07 23 28 42 45
5133;10-03-2012;01 05 06 28 29 36
5134;13-03-2012;03 15 17 20 23 24
5135;15-03-2012;06 08 12 18 21 33
5136;17-03-2012;04 09 10 39 41 42
5137;20-03-2012;04 21 31 37 38 40
5138;22-03-2012;13 23 25 35 42 45
5139;24-03-2012;09 15 28 40 43 49
5140;27-03-2012;16 20 34 35 43 49
5141;29-03-2012;05 13 14 17 37 45
5142;31-03-2012;31 34 36 37 38 44
5143;03-04-2012;12 18 34 36 39 47
5144;05-04-2012;01 11 15 28 33 47
5145;07-04-2012;02 06 17 37 39 42
5146;10-04-2012;03 04 18 20 39 43
5147;12-04-2012;13 19 21 29 32 44
5148;14-04-2012;06 15 16 23 27 44
5149;17-04-2012;06 12 18 31 32 33
5150;19-04-2012;13 15 29 30 35 45
5151;21-04-2012;01 07 17 20 32 34
5152;24-04-2012;06 08 16 19 29 31
5153;26-04-2012;12 19 20 41 44 45
5154;28-04-2012;02 05 08 16 31 49
5155;01-05-2012;01 21 33 36 45 47
5156;03-05-2012;18 19 24 25 40 42
5157;05-05-2012;04 08 16 31 33 48
5158;08-05-2012;19 20 31 34 35 46
5159;10-05-2012;19 25 30 31 36 39
5160;12-05-2012;01 05 07 18 20 41
5161;15-05-2012;05 07 17 28 39 47
5162;17-05-2012;06 19 23 38 48 49
5163;19-05-2012;01 07 11 21 28 39
5164;22-05-2012;06 09 32 34 38 44
5165;24-05-2012;05 11 12 16 20 44
5166;26-05-2012;07 14 20 25 39 46
5167;29-05-2012;03 07 08 24 38 46
5168;31-05-2012;05 29 32 33 38 41
5169;02-06-2012;26 30 38 39 43 47
5170;05-06-2012;02 03 32 33 35 46
5171;07-06-2012;01 02 09 32 45 49
5172;09-06-2012;12 20 30 32 39 42
5173;12-06-2012;05 17 22 32 48 49
5174;14-06-2012;02 17 18 34 38 49
5175;16-06-2012;09 18 26 33 38 48
5176;19-06-2012;07 09 21 32 36 41
5177;21-06-2012;03 07 12 18 20 24
5178;23-06-2012;04 10 19 43 46 48
5179;26-06-2012;07 08 16 21 40 42
5180;28-06-2012;06 12 20 22 25 49
5181;30-06-2012;05 09 23 41 43 46
5182;03-07-2012;13 16 17 25 30 44
5183;05-07-2012;06 11 23 26 30 33
5184;07-07-2012;03 04 05 16 29 34
5185;10-07-2012;05 08 13 35 45 49
5186;12-07-2012;11 38 42 44 45 48
5187;14-07-2012;05 06 13 24 31 49
5188;17-07-2012;25 26 27 45 46 48
5189;19-07-2012;05 07 11 12 41 42
5190;21-07-2012;17 24 31 35 44 49
5191;24-07-2012;04 08 24 31 35 49
5192;26-07-2012;03 05 12 20 23 37
5193;28-07-2012;06 08 14 22 28 37
5194;31-07-2012;08 12 13 15 36 37
5195;02-08-2012;10 15 28 36 45 47
5196;04-08-2012;15 26 35 38 45 46
5197;07-08-2012;08 13 24 31 37 38
5198;09-08-2012;01 13 17 24 31 43
5199;11-08-2012;01 03 08 41 42 49
5200;14-08-2012;01 16 25 28 38 42
5201;16-08-2012;17 18 27 35 41 46
5202;18-08-2012;12 22 23 29 40 43
5203;21-08-2012;09 16 24 36 41 44
5204;23-08-2012;12 20 24 33 43 49
5205;25-08-2012;12 27 36 42 45 46
5206;28-08-2012;02 04 10 15 26 41
5207;30-08-2012;04 08 12 21 23 27
5208;01-09-2012;11 15 25 26 33 48
5209;04-09-2012;03 06 08 12 14 49
5210;06-09-2012;11 18 23 26 34 45
5211;08-09-2012;01 06 15 16 19 21
5212;11-09-2012;02 16 19 20 27 41
5213;13-09-2012;01 04 16 34 43 44
5214;15-09-2012;08 10 21 25 35 37
5215;18-09-2012;17 22 32 35 41 44
5216;20-09-2012;23 24 29 32 44 48
5217;22-09-2012;01 09 17 23 28 38
5218;25-09-2012;04 08 15 21 31 44
5219;27-09-2012;06 07 09 16 30 43
5220;29-09-2012;02 10 17 23 35 42
5221;02-10-2012;05 06 35 41 46 47
5222;04-10-2012;03 08 18 22 27 33
5223;06-10-2012;16 19 32 33 40 48
5224;09-10-2012;02 11 12 23 35 37
5225;11-10-2012;02 04 16 37 38 48
5226;13-10-2012;11 21 22 23 36 49
5227;16-10-2012;04 21 36 37 38 44
5228;18-10-2012;03 10 12 25 28 38
5229;20-10-2012;03 09 19 28 29 37
5230;23-10-2012;03 08 20 35 37 41
5231;25-10-2012;07 24 25 41 45 47
5232;27-10-2012;12 20 26 35 36 41
5233;30-10-2012;10 13 29 33 36 43
5234;01-11-2012;07 09 26 33 34 46
5235;03-11-2012;04 07 17 27 28 40
5236;06-11-2012;05 37 40 41 45 47
5237;08-11-2012;07 13 17 34 36 40
5238;10-11-2012;03 05 25 26 31 36
5239;13-11-2012;02 06 15 23 26 34
5240;15-11-2012;11 31 34 36 38 47
5241;17-11-2012;01 02 10 23 34 41
5242;20-11-2012;01 09 23 30 35 49
5243;22-11-2012;07 17 21 27 41 49
5244;24-11-2012;03 10 20 34 44 47
5245;27-11-2012;02 03 06 08 45 49
5246;29-11-2012;04 06 10 13 18 39
5247;01-12-2012;08 12 37 44 46 48
5248;04-12-2012;03 04 14 26 28 32
5249;06-12-2012;02 18 27 32 33 43
5250;08-12-2012;10 13 16 30 35 43
5251;11-12-2012;10 11 29 35 39 44
5252;13-12-2012;06 08 12 17 29 32
5253;15-12-2012;04 05 08 25 33 34
5254;18-12-2012;04 19 21 23 32 38
5255;20-12-2012;13 15 18 21 37 40
5256;22-12-2012;02 14 22 43 44 48
5257;25-12-2012;01 09 13 15 18 42
5258;27-12-2012;03 10 26 39 43 44
5259;29-12-2012;09 16 17 29 31 34
5260;01-01-2013;11 21 23 27 30 31
5261;03-01-2013;01 03 21 24 27 30
5262;05-01-2013;01 14 17 18 27 36
5263;08-01-2013;04 06 14 16 23 36
5264;10-01-2013;05 21 27 29 30 49
5265;12-01-2013;10 11 37 38 45 47
5266;15-01-2013;13 15 26 39 41 44
5267;17-01-2013;09 31 38 40 46 48
5268;19-01-2013;10 11 24 26 32 44
5269;22-01-2013;01 24 37 39 40 49
5270;24-01-2013;25 28 32 33 35 36
5271;26-01-2013;01 04 15 28 29 45
5272;29-01-2013;03 13 27 33 40 41
5273;31-01-2013;11 12 19 22 33 47
5274;02-02-2013;01 15 19 35 38 46
5275;05-02-2013;07 18 19 22 25 36
5276;07-02-2013;06 09 11 15 42 49
5277;09-02-2013;02 13 16 31 32 40
5278;12-02-2013;01 13 25 28 31 44
5279;14-02-2013;08 24 29 35 38 48
5280;16-02-2013;10 15 20 27 36 48
5281;19-02-2013;10 14 19 21 25 30
5282;21-02-2013;05 07 36 37 40 42
5283;23-02-2013;06 10 12 22 30 45
5284;26-02-2013;03 09 23 37 40 45
5285;28-02-2013;14 18 19 22 32 43
5286;02-03-2013;06 20 33 34 39 45
5287;05-03-2013;01 06 20 26 32 34
5288;07-03-2013;05 15 17 24 26 43
5289;09-03-2013;11 20 22 34 43 49
5290;12-03-2013;02 11 21 24 38 45
5291;14-03-2013;19 22 24 28 32 36
5292;16-03-2013;12 13 14 23 24 31
5293;19-03-2013;01 08 16 24 41 49
5294;21-03-2013;28 30 32 37 38 39
5295;23-03-2013;10 11 17 19 26 44
5296;26-03-2013;03 07 11 17 31 41
5297;28-03-2013;11 19 28 29 38 40
5298;30-03-2013;02 10 17 18 23 46
5299;02-04-2013;13 16 32 34 37 40
5300;04-04-2013;02 14 20 29 31 49
5301;06-04-2013;06 10 28 30 38 44
5302;09-04-2013;04 07 14 26 28 42
5303;11-04-2013;03 18 34 35 41 47
5304;13-04-2013;18 21 35 36 37 45
5305;16-04-2013;01 16 18 27 30 35
5306;18-04-2013;05 16 18 31 38 40
5307;20-04-2013;05 08 17 20 22 45
5308;23-04-2013;03 06 10 17 37 42
5309;25-04-2013;04 33 41 44 46 49
5310;27-04-2013;02 08 17 36 48 49
5311;30-04-2013;09 14 22 24 33 45
5312;02-05-2013;05 11 20 36 47 49
5313;04-05-2013;09 15 18 39 40 49
5314;07-05-2013;10 13 20 27 32 38
5315;09-05-2013;02 06 26 31 42 47
5316;11-05-2013;13 14 27 30 31 35
5317;14-05-2013;06 14 17 21 26 37
5318;16-05-2013;01 15 17 31 41 42
5319;18-05-2013;17 28 37 42 45 48
5320;21-05-2013;03 09 18 33 36 46
5321;23-05-2013;02 05 13 30 40 45
5322;25-05-2013;05 11 16 17 35 44
5323;28-05-2013;15 17 20 30 40 47
5324;30-05-2013;16 18 21 31 33 44
5325;01-06-2013;10 12 13 23 26 38
5326;04-06-2013;08 10 14 17 23 42
5327;06-06-2013;03 30 33 36 37 48
5328;08-06-2013;04 13 15 18 20 33
5329;11-06-2013;02 04 06 08 22 27
5330;13-06-2013;03 05 18 20 22 31
5331;15-06-2013;06 10 12 22 30 37
5332;18-06-2013;09 12 24 28 36 42
5333;20-06-2013;03 10 32 35 37 44
5334;22-06-2013;20 24 28 31 35 39
5335;25-06-2013;01 27 31 32 39 41
5336;27-06-2013;01 04 05 29 36 38
5337;29-06-2013;03 13 25 26 31 34
5338;02-07-2013;02 13 29 31 38 47
5339;04-07-2013;02 03 07 11 19 23
5340;06-07-2013;06 14 29 31 41 47
5341;09-07-2013;02 03 21 22 24 45
5342;11-07-2013;02 17 24 31 34 39
5343;13-07-2013;12 14 16 29 34 37
5344;16-07-2013;13 17 19 22 28 46
5345;18-07-2013;02 09 12 26 29 33
5346;20-07-2013;01 04 35 40 41 44
5347;23-07-2013;08 23 24 25 29 35
5348;25-07-2013;14 16 31 39 42 46
5349;27-07-2013;01 04 20 36 37 44
5350;30-07-2013;08 18 25 28 29 32
5351;01-08-2013;12 23 24 29 42 49
5352;03-08-2013;11 21 25 26 42 46
5353;06-08-2013;02 09 19 33 43 49
5354;08-08-2013;02 15 19 30 37 48
5355;10-08-2013;06 14 16 18 25 43
5356;13-08-2013;01 13 22 26 32 44
5357;15-08-2013;03 07 13 29 34 46
5358;17-08-2013;05 09 18 23 43 45
5359;20-08-2013;04 18 26 31 33 42
5360;22-08-2013;02 03 17 26 30 42
5361;24-08-2013;01 02 04 06 20 47
5362;27-08-2013;02 30 39 45 46 47
5363;29-08-2013;07 10 12 18 27 49
5364;31-08-2013;02 03 11 14 16 27
5365;03-09-2013;09 16 22 25 32 43
5366;05-09-2013;04 11 16 34 44 47
5367;07-09-2013;08 28 30 32 34 37
5368;10-09-2013;03 08 15 18 24 41
5369;12-09-2013;17 30 33 44 48 49
5370;14-09-2013;02 06 19 35 41 45
5371;17-09-2013;02 08 15 25 26 46
5372;19-09-2013;05 16 17 23 24 33
5373;21-09-2013;04 16 17 22 33 34
5374;24-09-2013;01 07 23 32 36 46
5375;26-09-2013;02 23 26 29 38 48
5376;28-09-2013;04 13 14 28 31 34
5377;01-10-2013;04 10 11 21 28 39
5378;03-10-2013;05 09 15 20 41 45
5379;05-10-2013;01 05 17 18 27 40
5380;08-10-2013;01 12 32 34 37 46
5381;10-10-2013;01 05 27 31 36 48
5382;12-10-2013;03 15 18 28 34 45
5383;15-10-2013;04 06 08 14 27 42
5384;17-10-2013;05 07 22 35 37 48
5385;19-10-2013;04 10 25 31 37 44
5386;22-10-2013;13 15 17 23 33 42
5387;24-10-2013;10 21 30 41 43 44
5388;26-10-2013;12 13 16 28 40 47
5389;29-10-2013;01 12 27 33 40 44
5390;31-10-2013;02 04 18 20 22 29
5391;02-11-2013;09 19 31 37 44 45
5392;05-11-2013;18 29 38 39 43 48
5393;07-11-2013;03 24 38 41 42 49
5394;09-11-2013;08 16 23 24 29 48
5395;12-11-2013;11 12 16 23 38 46
5396;14-11-2013;22 23 34 35 39 49
5397;16-11-2013;04 12 15 20 32 44
5398;19-11-2013;07 10 11 12 19 27
5399;21-11-2013;07 08 10 45 46 48
5400;23-11-2013;01 12 27 34 36 44
5401;26-11-2013;08 20 27 32 36 44
5402;28-11-2013;04 10 18 25 33 47
5403;30-11-2013;06 18 19 25 30 41
5404;03-12-2013;13 14 17 31 37 42
5405;05-12-2013;10 11 36 41 45 48
5406;07-12-2013;08 23 32 41 44 49
5407;10-12-2013;07 25 31 32 35 45
5408;12-12-2013;01 11 14 24 33 39
5409;14-12-2013;12 15 20 33 35 38
5410;17-12-2013;05 15 16 27 45 48
5411;19-12-2013;12 19 20 22 23 24
5412;21-12-2013;18 27 28 38 43 44
5413;24-12-2013;02 04 09 24 41 43
5414;26-12-2013;07 10 14 24 30 43
5415;28-12-2013;01 06 17 19 27 47
5416;31-12-2013;01 04 28 34 44 46
5417;02-01-2014;20 27 28 34 35 46
5418;04-01-2014;07 14 31 37 40 42
5419;07-01-2014;12 13 19 32 40 44
5420;09-01-2014;04 06 19 38 42 45
5421;11-01-2014;09 13 24 26 38 43
5422;14-01-2014;31 40 41 44 45 48
5423;16-01-2014;10 12 26 34 47 48
5424;18-01-2014;02 09 11 23 24 34
5425;21-01-2014;02 03 28 29 33 34
5426;23-01-2014;14 15 20 21 31 44
5427;25-01-2014;03 13 25 26 42 45
5428;28-01-2014;14 18 25 34 38 41
5429;30-01-2014;02 09 14 23 29 33
5430;01-02-2014;04 18 24 30 36 37
5431;04-02-2014;06 18 26 28 40 43
5432;06-02-2014;07 27 29 32 46 49
5433;08-02-2014;25 32 34 38 41 45
5434;11-02-2014;05 18 21 33 34 49
5435;13-02-2014;05 12 14 20 37 47
5436;15-02-2014;16 21 27 32 42 44
5437;18-02-2014;13 15 22 35 41 46
5438;20-02-2014;04 06 10 20 35 47
5439;22-02-2014;14 27 33 43 48 49
5440;25-02-2014;03 05 32 36 39 45
5441;27-02-2014;04 20 25 27 38 44
5442;01-03-2014;04 33 35 40 41 48
5443;04-03-2014;06 15 21 26 46 47
5444;06-03-2014;13 28 33 43 44 49
5445;08-03-2014;06 10 19 20 21 48
5446;11-03-2014;04 05 40 45 46 48
5447;13-03-2014;04 07 16 33 35 40
5448;15-03-2014;03 08 20 25 44 48
5449;18-03-2014;17 20 23 28 30 45
5450;20-03-2014;02 12 14 19 25 42
5451;22-03-2014;01 19 23 29 31 38
5452;25-03-2014;04 09 11 13 24 39
5453;27-03-2014;05 11 15 19 29 35
5454;29-03-2014;06 25 28 31 47 49
5455;01-04-2014;08 10 28 29 42 48
5456;03-04-2014;06 08 17 19 42 47
5457;05-04-2014;21 22 25 31 33 35
5458;08-04-2014;11 13 17 29 30 46
5459;10-04-2014;17 23 27 36 39 41
5460;12-04-2014;02 14 20 30 34 43
5461;15-04-2014;12 13 15 16 40 47
5462;17-04-2014;20 24 27 33 43 46
5463;19-04-2014;07 08 20 29 46 48
5464;22-04-2014;06 10 11 29 37 46
5465;24-04-2014;05 08 18 23 30 32
5466;26-04-2014;05 07 13 22 27 37
5467;29-04-2014;11 17 21 35 37 38
5468;01-05-2014;08 14 23 25 40 45
5469;03-05-2014;04 05 15 19 27 48
5470;06-05-2014;10 25 27 39 43 47
5471;08-05-2014;02 05 09 11 20 38
5472;10-05-2014;12 16 19 27 33 35
5473;13-05-2014;09 23 27 37 39 46
5474;15-05-2014;02 03 08 11 16 20
5475;17-05-2014;01 06 12 15 28 32
5476;20-05-2014;01 08 16 23 45 47
5477;22-05-2014;17 30 32 34 36 40
5478;24-05-2014;05 15 20 35 36 38
5479;27-05-2014;03 11 20 29 36 45
5480;29-05-2014;02 09 28 33 36 40
5481;31-05-2014;09 14 25 34 41 47
5482;03-06-2014;13 15 21 22 38 43
5483;05-06-2014;08 15 17 27 29 35
5484;07-06-2014;05 06 13 26 28 31
5485;10-06-2014;10 17 19 23 31 38
5486;12-06-2014;03 11 12 21 22 41
5487;14-06-2014;09 10 17 33 38 44
5488;17-06-2014;11 12 23 26 27 28
5489;19-06-2014;02 03 09 11 35 38
5490;21-06-2014;06 19 24 30 42 45
5491;24-06-2014;02 06 15 32 36 48
5492;26-06-2014;19 21 22 31 40 42
5493;28-06-2014;07 13 23 27 39 41
5494;01-07-2014;01 15 22 31 45 49
5495;03-07-2014;08 19 20 26 28 36
5496;05-07-2014;22 28 34 35 36 46
5497;08-07-2014;04 11 21 25 28 47
5498;10-07-2014;11 19 30 34 35 49
5499;12-07-2014;11 13 22 29 41 46
5500;15-07-2014;13 18 23 28 40 42
5501;17-07-2014;10 11 35 37 47 48
5502;19-07-2014;03 12 13 27 35 41
5503;22-07-2014;01 16 19 21 37 40
5504;24-07-2014;03 18 20 40 43 49
5505;26-07-2014;13 18 24 26 31 37
5506;29-07-2014;21 26 29 31 32 36
5507;31-07-2014;01 36 37 39 40 46
5508;02-08-2014;09 18 20 28 35 45
5509;05-08-2014;15 19 21 23 30 39
5510;07-08-2014;04 07 08 28 33 45
5511;09-08-2014;11 32 39 46 47 48
5512;12-08-2014;07 22 23 32 39 42
5513;14-08-2014;04 05 17 20 25 36
5514;16-08-2014;06 14 15 25 28 45
5515;19-08-2014;06 13 19 23 40 45
5516;21-08-2014;17 30 34 40 46 49
5517;23-08-2014;11 15 29 32 34 38
5518;26-08-2014;11 15 19 20 22 40
5519;28-08-2014;03 09 11 16 17 42
5520;30-08-2014;15 18 21 35 40 47
5521;02-09-2014;18 19 31 36 38 42
5522;04-09-2014;15 17 18 22 35 43
5523;06-09-2014;09 29 30 33 34 41
5524;09-09-2014;13 16 30 33 34 38
5525;11-09-2014;04 27 36 37 41 43
5526;13-09-2014;22 26 35 39 46 49
5527;16-09-2014;16 23 27 36 42 46
5528;18-09-2014;01 02 22 28 40 46
5529;20-09-2014;15 17 25 28 46 47
5530;23-09-2014;08 34 38 39 42 43
5531;25-09-2014;05 17 24 32 41 44
5532;27-09-2014;11 29 33 41 42 47
5533;30-09-2014;04 22 33 34 45 48
5534;02-10-2014;01 08 12 15 40 46
5535;04-10-2014;05 15 17 26 40 45
5536;07-10-2014;14 16 23 27 30 32
5537;09-10-2014;01 15 25 33 35 44
5538;11-10-2014;13 23 32 36 39 43
5539;14-10-2014;06 11 14 31 34 48
5540;16-10-2014;08 18 27 30 38 43
5541;18-10-2014;12 13 17 32 42 47
5542;21-10-2014;11 14 20 39 43 46
5543;23-10-2014;16 22 30 38 40 47
5544;25-10-2014;15 20 31 35 39 49
5545;28-10-2014;03 05 12 26 39 42
5546;30-10-2014;02 03 27 28 43 48
5547;01-11-2014;01 06 20 34 41 47
5548;04-11-2014;05 20 26 39 42 43
5549;06-11-2014;11 14 17 19 25 26
5550;08-11-2014;03 22 23 29 35 48
5551;11-11-2014;02 03 11 13 28 31
5552;13-11-2014;05 11 14 21 36 47
5553;15-11-2014;05 11 21 27 39 49
5554;18-11-2014;03 07 12 23 25 31
5555;20-11-2014;02 21 27 36 38 44
5556;22-11-2014;10 13 20 22 32 49
5557;25-11-2014;01 05 12 18 29 34
5558;27-11-2014;05 08 10 19 23 40
5559;29-11-2014;04 05 21 30 31 49
5560;02-12-2014;03 07 18 40 46 47
5561;04-12-2014;15 30 31 37 43 47
5562;06-12-2014;07 15 34 37 39 42
5563;09-12-2014;23 24 41 42 47 49
5564;11-12-2014;11 18 19 31 43 47
5565;13-12-2014;05 06 08 19 40 44
5566;16-12-2014;03 10 27 30 32 36
5567;18-12-2014;16 19 31 38 43 46
5568;20-12-2014;01 14 20 31 35 41
5569;23-12-2014;04 09 21 23 28 49
5570;25-12-2014;04 19 28 34 36 38
5571;27-12-2014;04 20 21 24 27 46
5572;30-12-2014;05 06 07 17 26 29
5573;01-01-2015;02 10 19 43 44 45
5574;03-01-2015;02 14 16 18 22 33
5575;06-01-2015;11 13 29 36 37 45
5576;08-01-2015;06 12 16 24 28 46
5577;10-01-2015;05 12 19 24 29 44
5578;13-01-2015;01 04 14 29 33 49
5579;15-01-2015;02 15 20 25 43 49
5580;17-01-2015;13 14 31 38 40 42
5581;20-01-2015;03 07 16 21 39 48
5582;22-01-2015;10 14 29 42 46 47
5583;24-01-2015;08 24 28 32 35 46
5584;27-01-2015;09 11 17 20 39 41
5585;29-01-2015;04 08 13 15 33 35
5586;31-01-2015;12 15 18 21 31 32
5587;03-02-2015;11 21 31 42 43 46
5588;05-02-2015;04 06 13 18 40 49
5589;07-02-2015;05 14 34 36 38 41
5590;10-02-2015;07 10 23 27 36 44
5591;12-02-2015;12 21 26 31 41 49
5592;14-02-2015;05 11 26 31 33 36
5593;17-02-2015;18 34 38 45 46 49
5594;19-02-2015;21 26 27 35 40 44
5595;21-02-2015;18 30 34 36 37 45
5596;24-02-2015;02 14 22 23 34 49
5597;26-02-2015;03 04 08 11 24 35
5598;28-02-2015;06 07 34 40 42 49
5599;03-03-2015;10 15 20 28 45 48
5600;05-03-2015;03 05 10 11 22 42
5601;07-03-2015;08 09 13 18 41 46
5602;10-03-2015;15 31 33 34 42 47
5603;12-03-2015;19 31 39 40 41 47
5604;14-03-2015;06 17 26 41 43 48
5605;17-03-2015;03 12 21 26 47 48
5606;19-03-2015;13 16 21 27 29 34
5607;21-03-2015;09 18 24 25 34 41
5608;24-03-2015;01 05 23 30 41 49
5609;26-03-2015;02 03 05 06 18 48
5610;28-03-2015;11 21 30 33 40 41
5611;31-03-2015;03 09 13 17 41 43
5612;02-04-2015;19 32 39 45 46 49
5613;04-04-2015;01 10 21 29 32 35
5614;07-04-2015;09 11 28 29 32 44
5615;09-04-2015;02 04 14 16 31 37
5616;11-04-2015;01 16 18 24 31 32
5617;14-04-2015;01 04 17 19 25 46
5618;16-04-2015;01 06 26 29 38 49
5619;18-04-2015;10 21 34 37 43 46
5620;21-04-2015;03 20 23 24 31 48
5621;23-04-2015;03 10 12 14 20 41
5622;25-04-2015;11 21 23 30 37 39
5623;28-04-2015;02 03 20 21 36 43
5624;30-04-2015;01 02 24 31 35 39
5625;02-05-2015;06 09 28 32 33 42
5626;05-05-2015;07 08 10 12 19 23
5627;07-05-2015;04 07 18 25 26 47
5628;09-05-2015;11 15 17 24 41 49
5629;12-05-2015;20 23 28 30 43 46
5630;14-05-2015;03 06 14 23 32 43
5631;16-05-2015;13 28 31 37 41 46
5632;19-05-2015;02 04 19 29 43 44
5633;21-05-2015;08 09 11 18 27 46
5634;23-05-2015;01 02 04 40 47 49
5635;26-05-2015;08 10 14 17 28 32
5636;28-05-2015;03 15 29 32 34 44
5637;30-05-2015;01 08 09 21 31 40
5638;02-06-2015;02 07 14 15 35 40
5639;04-06-2015;04 20 22 30 36 39
5640;06-06-2015;03 07 12 17 18 21
5641;09-06-2015;02 13 17 32 35 44
5642;11-06-2015;04 06 21 26 33 36
5643;13-06-2015;02 03 16 24 28 33
5644;16-06-2015;05 06 11 17 23 28
5645;18-06-2015;09 11 13 18 29 49
5646;20-06-2015;07 21 25 35 38 40
5647;23-06-2015;03 09 27 30 43 47
5648;25-06-2015;05 22 27 32 38 40
5649;27-06-2015;02 05 18 38 40 46
5650;30-06-2015;13 24 25 33 37 41

